area,field
Life Sciences & Biomedicine,Agriculture
Life Sciences & Biomedicine,Allergy
Life Sciences & Biomedicine,Anatomy & Morphology
Life Sciences & Biomedicine,Anesthesiology
Life Sciences & Biomedicine,Anthropology
Life Sciences & Biomedicine,Behavioral Sciences
Life Sciences & Biomedicine,Biology
Life Sciences & Biomedicine,Biochemistry & Molecular Biology
Life Sciences & Biomedicine,Biodiversity & Conservation
Life Sciences & Biomedicine,Biophysics
Life Sciences & Biomedicine,Biotechnology & Applied Microbiology
Life Sciences & Biomedicine,Cardiovascular System & Cardiology
Life Sciences & Biomedicine,Cell Biology
Life Sciences & Biomedicine,Critical Care Medicine
Life Sciences & Biomedicine,"Dentistry, Oral Surgery & Medicine"
Life Sciences & Biomedicine,Dermatology
Life Sciences & Biomedicine,Developmental Biology
Life Sciences & Biomedicine,Emergency Medicine
Life Sciences & Biomedicine,Endocrinology & Metabolism
Life Sciences & Biomedicine,Entomology
Life Sciences & Biomedicine,Medicine
Life Sciences & Biomedicine,Environmental Sciences & Ecology
Life Sciences & Biomedicine,Evolutionary Biology
Life Sciences & Biomedicine,Fisheries
Life Sciences & Biomedicine,Food Science & Technology
Life Sciences & Biomedicine,Forestry
Life Sciences & Biomedicine,Gastroenterology & Hepatology
Life Sciences & Biomedicine,General & Internal Medicine
Life Sciences & Biomedicine,Genetics & Heredity
Life Sciences & Biomedicine,Geriatrics & Gerontology
Life Sciences & Biomedicine,Health Care Sciences & Services
Life Sciences & Biomedicine,Hematology
Life Sciences & Biomedicine,Immunology
Life Sciences & Biomedicine,Infectious Diseases
Life Sciences & Biomedicine,Integrative & Complementary Medicine
Life Sciences & Biomedicine,Legal Medicine
Life Sciences & Biomedicine,Life Sciences Biomedicine Other Topics
Life Sciences & Biomedicine,Marine & Freshwater Biology
Life Sciences & Biomedicine,Mathematical & Computational Biology
Life Sciences & Biomedicine,Medical Ethics
Life Sciences & Biomedicine,Medical Informatics
Life Sciences & Biomedicine,Medical Laboratory Technology
Life Sciences & Biomedicine,Microbiology
Life Sciences & Biomedicine,Mycology
Life Sciences & Biomedicine,Neurosciences & Neurology
Life Sciences & Biomedicine,Nursing
Life Sciences & Biomedicine,Nutrition & Dietetics
Life Sciences & Biomedicine,Obstetrics & Gynecology
Life Sciences & Biomedicine,Oncology
Life Sciences & Biomedicine,Ophthalmology
Life Sciences & Biomedicine,Orthopedics
Life Sciences & Biomedicine,Otorhinolaryngology
Life Sciences & Biomedicine,Paleontology
Life Sciences & Biomedicine,Parasitology
Life Sciences & Biomedicine,Pathology
Life Sciences & Biomedicine,Pediatrics
Life Sciences & Biomedicine,Pharmacology & Pharmacy
Life Sciences & Biomedicine,Physiology
Life Sciences & Biomedicine,Plant Sciences
Life Sciences & Biomedicine,Psychiatry
Life Sciences & Biomedicine,"Public, Environmental & Occupational Health"
Life Sciences & Biomedicine,"Radiology, Nuclear Medicine & Medical Imaging"
Life Sciences & Biomedicine,Rehabilitation
Life Sciences & Biomedicine,Reproductive Biology
Life Sciences & Biomedicine,Research & Experimental Medicine
Life Sciences & Biomedicine,Respiratory System
Life Sciences & Biomedicine,Rheumatology
Life Sciences & Biomedicine,Sport Sciences
Life Sciences & Biomedicine,Substance Abuse
Life Sciences & Biomedicine,Surgery
Life Sciences & Biomedicine,Toxicology
Life Sciences & Biomedicine,Transplantation
Life Sciences & Biomedicine,Tropical Medicine
Life Sciences & Biomedicine,Urology & Nephrology
Life Sciences & Biomedicine,Veterinary Sciences
Life Sciences & Biomedicine,Virology
Life Sciences & Biomedicine,Zoology
Physical Sciences,Astronomy & Astrophysics
Physical Sciences,Chemistry
Physical Sciences,Crystallography
Physical Sciences,Electrochemistry
Physical Sciences,Geochemistry & Geophysics
Physical Sciences,Geology
Physical Sciences,Mathematics
Physical Sciences,Meteorology & Atmospheric Sciences
Physical Sciences,Mineralogy
Physical Sciences,Mining & Mineral Processing
Physical Sciences,Oceanography
Physical Sciences,Optics
Physical Sciences,Physical Geography
Physical Sciences,Physics
Physical Sciences,Polymer Science
Physical Sciences,Thermodynamics
Physical Sciences,Water Resources
Technology,Acoustics
Technology,Automation & Control Systems
Technology,Computer Science
Technology,Construction & Building Technology
Technology,Energy & Fuels
Technology,Engineering
Technology,Imaging Science & Photographic Technology
Technology,Information Science & Library Science
Technology,Instruments & Instrumentation
Technology,Materials Science
Technology,Mechanics
Technology,Metallurgy & Metallurgical Engineering
Technology,Microscopy
Technology,Nuclear Science & Technology
Technology,Operations Research & Management Science
Technology,Remote Sensing
Technology,Robotics
Technology,Nanoscience & Nanotechnology
Technology,Science & Technology Other Topics
Technology,Spectroscopy
Technology,Telecommunications
Technology,Transportation
Arts & Humanities,Architecture
Arts & Humanities,Art
Arts & Humanities,Arts & Humanities Other Topics
Arts & Humanities,Asian Studies
Arts & Humanities,Classics
Arts & Humanities,Dance
Arts & Humanities,"Film, Radio & Television"
Arts & Humanities,History
Arts & Humanities,History & Philosophy of Science
Arts & Humanities,Literature
Arts & Humanities,Music
Arts & Humanities,Philosophy
Arts & Humanities,Religion
Arts & Humanities,Theater
Social Sciences,Archaeology
Social Sciences,Area Studies
Social Sciences,Biomedical Social Sciences
Social Sciences,Business & Economics
Social Sciences,Communication
Social Sciences,Criminology & Penology
Social Sciences,Cultural Studies
Social Sciences,Demography
Social Sciences,Education & Educational Research
Social Sciences,Ethnic Studies
Social Sciences,Family Studies
Social Sciences,Geography
Social Sciences,Government & Law
Social Sciences,International Relations
Social Sciences,Linguistics
Social Sciences,Mathematical Methods In Social Sciences
Social Sciences,Management
Social Sciences,Psychology
Social Sciences,Public Administration
Social Sciences,Social Issues
Social Sciences,Social Sciences Other Topics
Social Sciences,Social Work
Social Sciences,Sociology
Social Sciences,Urban Studies
Social Sciences,Women's Studies
Multidisciplinary,Multidisciplinary Sciences
Social Sciences,Environmental Studies
